-- phpMyAdmin SQL Dump
-- version 5.2.0
-- https://www.phpmyadmin.net/
--
-- Хост: 127.0.0.1:3306
-- Время создания: Июн 22 2026 г., 01:41
-- Версия сервера: 8.0.30
-- Версия PHP: 8.1.9

SET SQL_MODE = "NO_AUTO_VALUE_ON_ZERO";
START TRANSACTION;
SET time_zone = "+00:00";


/*!40101 SET @OLD_CHARACTER_SET_CLIENT=@@CHARACTER_SET_CLIENT */;
/*!40101 SET @OLD_CHARACTER_SET_RESULTS=@@CHARACTER_SET_RESULTS */;
/*!40101 SET @OLD_COLLATION_CONNECTION=@@COLLATION_CONNECTION */;
/*!40101 SET NAMES utf8mb4 */;

--
-- База данных: `loza_time_tracking`
--

-- --------------------------------------------------------

--
-- Структура таблицы `employees`
--

CREATE TABLE `employees` (
  `id` int NOT NULL,
  `user_id` int DEFAULT NULL,
  `first_name` varchar(100) COLLATE utf8mb4_unicode_ci NOT NULL,
  `last_name` varchar(100) COLLATE utf8mb4_unicode_ci NOT NULL,
  `middle_name` varchar(100) COLLATE utf8mb4_unicode_ci DEFAULT NULL,
  `position` varchar(100) COLLATE utf8mb4_unicode_ci NOT NULL,
  `department` varchar(100) COLLATE utf8mb4_unicode_ci NOT NULL,
  `hire_date` date NOT NULL,
  `status` enum('active','fired') COLLATE utf8mb4_unicode_ci NOT NULL DEFAULT 'active',
  `created_at` datetime DEFAULT CURRENT_TIMESTAMP
) ENGINE=InnoDB DEFAULT CHARSET=utf8mb4 COLLATE=utf8mb4_unicode_ci;

--
-- Дамп данных таблицы `employees`
--

INSERT INTO `employees` (`id`, `user_id`, `first_name`, `last_name`, `middle_name`, `position`, `department`, `hire_date`, `status`, `created_at`) VALUES
(2, NULL, 'Таисия', 'Петрова', 'Владимировна', 'Разнорабочий', 'Хозяйство', '2026-05-01', 'active', '2026-05-03 03:32:49'),
(3, NULL, 'Иван', 'Иванов', 'Петрович', 'Аппаратчик', 'Цех розлива', '2025-01-10', 'active', '2026-05-04 01:24:12'),
(4, NULL, 'Петр', 'Петров', 'Сергеевич', 'Оператор', 'Бродильное отделение', '2024-06-15', 'active', '2026-05-04 01:24:12'),
(5, NULL, 'Сергей', 'Сидоров', 'Александрович', 'Лаборант', 'Лаборатория', '2025-09-01', 'active', '2026-05-04 01:24:12'),
(6, NULL, 'Анна', 'Кузнецова', 'Владимировна', 'Мерчандайзер', 'Отдел продаж', '2026-01-20', 'active', '2026-05-04 01:24:12'),
(7, NULL, 'Мария', 'Смирнова', 'Игоревна', 'Кладовщик', 'Склад', '2024-11-05', 'active', '2026-05-04 01:24:12'),
(8, NULL, 'Алексей', 'Васильев', 'Дмитриевич', 'Наладчик', 'Цех розлива', '2025-03-12', 'active', '2026-05-04 01:24:12'),
(9, NULL, 'Ольга', 'Федорова', 'Николаевна', 'Технолог', 'Бродильное отделение', '2026-02-01', 'active', '2026-05-04 01:24:12'),
(10, NULL, 'Дмитрий', 'Морозов', 'Алексеевич', 'Разнорабочий', 'Цех розлива', '2024-08-22', 'active', '2026-05-04 01:24:12'),
(11, NULL, 'Елена', 'Голубева', 'Павловна', 'Упаковщик', 'Упаковочный цех', '2025-07-14', 'active', '2026-05-04 01:24:12'),
(12, NULL, 'Николай', 'Титов', 'Романович', 'Водитель', 'Транспортный отдел', '2025-05-10', 'active', '2026-05-04 01:24:12');

-- --------------------------------------------------------

--
-- Структура таблицы `time_log`
--

CREATE TABLE `time_log` (
  `id` int NOT NULL,
  `employee_id` int NOT NULL,
  `login_time` datetime NOT NULL,
  `logout_time` datetime DEFAULT NULL,
  `notes` varchar(255) COLLATE utf8mb4_unicode_ci DEFAULT NULL
) ENGINE=InnoDB DEFAULT CHARSET=utf8mb4 COLLATE=utf8mb4_unicode_ci;

--
-- Дамп данных таблицы `time_log`
--

INSERT INTO `time_log` (`id`, `employee_id`, `login_time`, `logout_time`, `notes`) VALUES
(1, 2, '2026-05-01 13:40:00', '2026-05-01 19:40:00', '1'),
(3, 2, '2026-05-01 19:32:00', '2026-05-01 22:45:00', '3'),
(10, 2, '2026-05-03 05:09:21', '2026-05-03 21:00:00', ''),
(11, 2, '2026-05-03 05:22:28', '2026-05-03 09:45:00', ''),
(12, 2, '2026-05-02 08:33:00', '2026-05-02 18:00:00', ''),
(13, 2, '2026-04-01 08:00:00', '2026-04-01 17:00:00', NULL),
(14, 2, '2026-04-02 08:00:00', '2026-04-02 17:00:00', NULL),
(15, 2, '2026-04-05 08:00:00', '2026-04-05 17:00:00', NULL),
(16, 2, '2026-04-06 08:00:00', '2026-04-06 17:00:00', NULL),
(17, 2, '2026-04-09 08:00:00', '2026-04-09 17:00:00', NULL),
(18, 2, '2026-04-10 08:00:00', '2026-04-10 17:00:00', NULL),
(19, 2, '2026-04-13 08:00:00', '2026-04-13 17:00:00', NULL),
(20, 2, '2026-04-14 08:00:00', '2026-04-14 17:00:00', NULL),
(21, 2, '2026-04-17 08:00:00', '2026-04-17 17:00:00', NULL),
(22, 2, '2026-04-18 08:00:00', '2026-04-18 17:00:00', NULL),
(23, 2, '2026-04-21 08:00:00', '2026-04-21 17:00:00', NULL),
(24, 2, '2026-04-22 08:00:00', '2026-04-22 17:00:00', NULL),
(25, 2, '2026-04-25 08:00:00', '2026-04-25 17:00:00', NULL),
(26, 2, '2026-04-26 08:00:00', '2026-04-26 17:00:00', NULL),
(27, 2, '2026-04-29 08:00:00', '2026-04-29 17:00:00', NULL),
(28, 2, '2026-04-30 08:00:00', '2026-04-30 17:00:00', NULL),
(44, 4, '2026-04-01 08:00:00', '2026-04-01 17:00:00', NULL),
(45, 3, '2026-04-01 08:00:00', '2026-04-01 17:00:00', NULL),
(46, 4, '2026-04-02 08:00:00', '2026-04-02 17:00:00', NULL),
(47, 3, '2026-04-02 08:00:00', '2026-04-02 17:00:00', NULL),
(48, 4, '2026-04-03 08:00:00', '2026-04-03 17:00:00', NULL),
(49, 3, '2026-04-03 08:00:00', '2026-04-03 17:00:00', NULL),
(50, 4, '2026-04-07 08:00:00', '2026-04-07 17:00:00', NULL),
(51, 3, '2026-04-07 08:00:00', '2026-04-07 17:00:00', NULL),
(52, 4, '2026-04-08 08:00:00', '2026-04-08 17:00:00', NULL),
(53, 3, '2026-04-08 08:00:00', '2026-04-08 17:00:00', NULL),
(54, 4, '2026-04-09 08:00:00', '2026-04-09 17:00:00', NULL),
(55, 3, '2026-04-09 08:00:00', '2026-04-09 17:00:00', NULL),
(56, 4, '2026-04-13 08:00:00', '2026-04-13 17:00:00', NULL),
(57, 3, '2026-04-13 08:00:00', '2026-04-13 17:00:00', NULL),
(58, 4, '2026-04-14 08:00:00', '2026-04-14 17:00:00', NULL),
(59, 3, '2026-04-14 08:00:00', '2026-04-14 17:00:00', NULL),
(60, 4, '2026-04-15 08:00:00', '2026-04-15 17:00:00', NULL),
(61, 3, '2026-04-15 08:00:00', '2026-04-15 17:00:00', NULL),
(62, 4, '2026-04-19 08:00:00', '2026-04-19 17:00:00', NULL),
(63, 3, '2026-04-19 08:00:00', '2026-04-19 17:00:00', NULL),
(64, 4, '2026-04-20 08:00:00', '2026-04-20 17:00:00', NULL),
(65, 3, '2026-04-20 08:00:00', '2026-04-20 17:00:00', NULL),
(66, 4, '2026-04-21 08:00:00', '2026-04-21 17:00:00', NULL),
(67, 3, '2026-04-21 08:00:00', '2026-04-21 17:00:00', NULL),
(68, 4, '2026-04-25 08:00:00', '2026-04-25 17:00:00', NULL),
(69, 3, '2026-04-25 08:00:00', '2026-04-25 17:00:00', NULL),
(70, 4, '2026-04-26 08:00:00', '2026-04-26 17:00:00', NULL),
(71, 3, '2026-04-26 08:00:00', '2026-04-26 17:00:00', NULL),
(72, 4, '2026-04-27 08:00:00', '2026-04-27 17:00:00', NULL),
(73, 3, '2026-04-27 08:00:00', '2026-04-27 17:00:00', NULL),
(75, 10, '2026-04-01 08:00:00', '2026-04-01 17:00:00', NULL),
(76, 9, '2026-04-01 08:00:00', '2026-04-01 17:00:00', NULL),
(77, 8, '2026-04-01 08:00:00', '2026-04-01 17:00:00', NULL),
(78, 7, '2026-04-01 08:00:00', '2026-04-01 17:00:00', NULL),
(79, 6, '2026-04-01 08:00:00', '2026-04-01 17:00:00', NULL),
(80, 5, '2026-04-01 08:00:00', '2026-04-01 17:00:00', NULL),
(81, 10, '2026-04-02 08:00:00', '2026-04-02 17:00:00', NULL),
(82, 9, '2026-04-02 08:00:00', '2026-04-02 17:00:00', NULL),
(83, 8, '2026-04-02 08:00:00', '2026-04-02 17:00:00', NULL),
(84, 7, '2026-04-02 08:00:00', '2026-04-02 17:00:00', NULL),
(85, 6, '2026-04-02 08:00:00', '2026-04-02 17:00:00', NULL),
(86, 5, '2026-04-02 08:00:00', '2026-04-02 17:00:00', NULL),
(87, 10, '2026-04-03 08:00:00', '2026-04-03 17:00:00', NULL),
(88, 9, '2026-04-03 08:00:00', '2026-04-03 17:00:00', NULL),
(89, 8, '2026-04-03 08:00:00', '2026-04-03 17:00:00', NULL),
(90, 7, '2026-04-03 08:00:00', '2026-04-03 17:00:00', NULL),
(91, 6, '2026-04-03 08:00:00', '2026-04-03 17:00:00', NULL),
(92, 5, '2026-04-03 08:00:00', '2026-04-03 17:00:00', NULL),
(93, 10, '2026-04-04 08:00:00', '2026-04-04 17:00:00', NULL),
(94, 9, '2026-04-04 08:00:00', '2026-04-04 17:00:00', NULL),
(95, 8, '2026-04-04 08:00:00', '2026-04-04 17:00:00', NULL),
(96, 7, '2026-04-04 08:00:00', '2026-04-04 17:00:00', NULL),
(97, 6, '2026-04-04 08:00:00', '2026-04-04 17:00:00', NULL),
(98, 5, '2026-04-04 08:00:00', '2026-04-04 17:00:00', NULL),
(99, 10, '2026-04-05 08:00:00', '2026-04-05 17:00:00', NULL),
(100, 9, '2026-04-05 08:00:00', '2026-04-05 17:00:00', NULL),
(101, 8, '2026-04-05 08:00:00', '2026-04-05 17:00:00', NULL),
(102, 7, '2026-04-05 08:00:00', '2026-04-05 17:00:00', NULL),
(103, 6, '2026-04-05 08:00:00', '2026-04-05 17:00:00', NULL),
(104, 5, '2026-04-05 08:00:00', '2026-04-05 17:00:00', NULL),
(105, 10, '2026-04-08 08:00:00', '2026-04-08 17:00:00', NULL),
(106, 9, '2026-04-08 08:00:00', '2026-04-08 17:00:00', NULL),
(107, 8, '2026-04-08 08:00:00', '2026-04-08 17:00:00', NULL),
(108, 7, '2026-04-08 08:00:00', '2026-04-08 17:00:00', NULL),
(109, 6, '2026-04-08 08:00:00', '2026-04-08 17:00:00', NULL),
(110, 5, '2026-04-08 08:00:00', '2026-04-08 17:00:00', NULL),
(111, 10, '2026-04-09 08:00:00', '2026-04-09 17:00:00', NULL),
(112, 9, '2026-04-09 08:00:00', '2026-04-09 17:00:00', NULL),
(113, 8, '2026-04-09 08:00:00', '2026-04-09 17:00:00', NULL),
(114, 7, '2026-04-09 08:00:00', '2026-04-09 17:00:00', NULL),
(115, 6, '2026-04-09 08:00:00', '2026-04-09 17:00:00', NULL),
(116, 5, '2026-04-09 08:00:00', '2026-04-09 17:00:00', NULL),
(117, 10, '2026-04-10 08:00:00', '2026-04-10 17:00:00', NULL),
(118, 9, '2026-04-10 08:00:00', '2026-04-10 17:00:00', NULL),
(119, 8, '2026-04-10 08:00:00', '2026-04-10 17:00:00', NULL),
(120, 7, '2026-04-10 08:00:00', '2026-04-10 17:00:00', NULL),
(121, 6, '2026-04-10 08:00:00', '2026-04-10 17:00:00', NULL),
(122, 5, '2026-04-10 08:00:00', '2026-04-10 17:00:00', NULL),
(123, 10, '2026-04-11 08:00:00', '2026-04-11 17:00:00', NULL),
(124, 9, '2026-04-11 08:00:00', '2026-04-11 17:00:00', NULL),
(125, 8, '2026-04-11 08:00:00', '2026-04-11 17:00:00', NULL),
(126, 7, '2026-04-11 08:00:00', '2026-04-11 17:00:00', NULL),
(127, 6, '2026-04-11 08:00:00', '2026-04-11 17:00:00', NULL),
(128, 5, '2026-04-11 08:00:00', '2026-04-11 17:00:00', NULL),
(129, 10, '2026-04-12 08:00:00', '2026-04-12 17:00:00', NULL),
(130, 9, '2026-04-12 08:00:00', '2026-04-12 17:00:00', NULL),
(131, 8, '2026-04-12 08:00:00', '2026-04-12 17:00:00', NULL),
(132, 7, '2026-04-12 08:00:00', '2026-04-12 17:00:00', NULL),
(133, 6, '2026-04-12 08:00:00', '2026-04-12 17:00:00', NULL),
(134, 5, '2026-04-12 08:00:00', '2026-04-12 17:00:00', NULL),
(135, 10, '2026-04-15 08:00:00', '2026-04-15 17:00:00', NULL),
(136, 9, '2026-04-15 08:00:00', '2026-04-15 17:00:00', NULL),
(137, 8, '2026-04-15 08:00:00', '2026-04-15 17:00:00', NULL),
(138, 7, '2026-04-15 08:00:00', '2026-04-15 17:00:00', NULL),
(139, 6, '2026-04-15 08:00:00', '2026-04-15 17:00:00', NULL),
(140, 5, '2026-04-15 08:00:00', '2026-04-15 17:00:00', NULL),
(141, 10, '2026-04-16 08:00:00', '2026-04-16 17:00:00', NULL),
(142, 9, '2026-04-16 08:00:00', '2026-04-16 17:00:00', NULL),
(143, 8, '2026-04-16 08:00:00', '2026-04-16 17:00:00', NULL),
(144, 7, '2026-04-16 08:00:00', '2026-04-16 17:00:00', NULL),
(145, 6, '2026-04-16 08:00:00', '2026-04-16 17:00:00', NULL),
(146, 5, '2026-04-16 08:00:00', '2026-04-16 17:00:00', NULL),
(147, 10, '2026-04-17 08:00:00', '2026-04-17 17:00:00', NULL),
(148, 9, '2026-04-17 08:00:00', '2026-04-17 17:00:00', NULL),
(149, 8, '2026-04-17 08:00:00', '2026-04-17 17:00:00', NULL),
(150, 7, '2026-04-17 08:00:00', '2026-04-17 17:00:00', NULL),
(151, 6, '2026-04-17 08:00:00', '2026-04-17 17:00:00', NULL),
(152, 5, '2026-04-17 08:00:00', '2026-04-17 17:00:00', NULL),
(153, 10, '2026-04-18 08:00:00', '2026-04-18 17:00:00', NULL),
(154, 9, '2026-04-18 08:00:00', '2026-04-18 17:00:00', NULL),
(155, 8, '2026-04-18 08:00:00', '2026-04-18 17:00:00', NULL),
(156, 7, '2026-04-18 08:00:00', '2026-04-18 17:00:00', NULL),
(157, 6, '2026-04-18 08:00:00', '2026-04-18 17:00:00', NULL),
(158, 5, '2026-04-18 08:00:00', '2026-04-18 17:00:00', NULL),
(159, 10, '2026-04-19 08:00:00', '2026-04-19 17:00:00', NULL),
(160, 9, '2026-04-19 08:00:00', '2026-04-19 17:00:00', NULL),
(161, 8, '2026-04-19 08:00:00', '2026-04-19 17:00:00', NULL),
(162, 7, '2026-04-19 08:00:00', '2026-04-19 17:00:00', NULL),
(163, 6, '2026-04-19 08:00:00', '2026-04-19 17:00:00', NULL),
(164, 5, '2026-04-19 08:00:00', '2026-04-19 17:00:00', NULL),
(165, 10, '2026-04-22 08:00:00', '2026-04-22 17:00:00', NULL),
(166, 9, '2026-04-22 08:00:00', '2026-04-22 17:00:00', NULL),
(167, 8, '2026-04-22 08:00:00', '2026-04-22 17:00:00', NULL),
(168, 7, '2026-04-22 08:00:00', '2026-04-22 17:00:00', NULL),
(169, 6, '2026-04-22 08:00:00', '2026-04-22 17:00:00', NULL),
(170, 5, '2026-04-22 08:00:00', '2026-04-22 17:00:00', NULL),
(171, 10, '2026-04-23 08:00:00', '2026-04-23 17:00:00', NULL),
(172, 9, '2026-04-23 08:00:00', '2026-04-23 17:00:00', NULL),
(173, 8, '2026-04-23 08:00:00', '2026-04-23 17:00:00', NULL),
(174, 7, '2026-04-23 08:00:00', '2026-04-23 17:00:00', NULL),
(175, 6, '2026-04-23 08:00:00', '2026-04-23 17:00:00', NULL),
(176, 5, '2026-04-23 08:00:00', '2026-04-23 17:00:00', NULL),
(177, 10, '2026-04-24 08:00:00', '2026-04-24 17:00:00', NULL),
(178, 9, '2026-04-24 08:00:00', '2026-04-24 17:00:00', NULL),
(179, 8, '2026-04-24 08:00:00', '2026-04-24 17:00:00', NULL),
(180, 7, '2026-04-24 08:00:00', '2026-04-24 17:00:00', NULL),
(181, 6, '2026-04-24 08:00:00', '2026-04-24 17:00:00', NULL),
(182, 5, '2026-04-24 08:00:00', '2026-04-24 17:00:00', NULL),
(183, 10, '2026-04-25 08:00:00', '2026-04-25 17:00:00', NULL),
(184, 9, '2026-04-25 08:00:00', '2026-04-25 17:00:00', NULL),
(185, 8, '2026-04-25 08:00:00', '2026-04-25 17:00:00', NULL),
(186, 7, '2026-04-25 08:00:00', '2026-04-25 17:00:00', NULL),
(187, 6, '2026-04-25 08:00:00', '2026-04-25 17:00:00', NULL),
(188, 5, '2026-04-25 08:00:00', '2026-04-25 17:00:00', NULL),
(189, 10, '2026-04-26 08:00:00', '2026-04-26 17:00:00', NULL),
(190, 9, '2026-04-26 08:00:00', '2026-04-26 17:00:00', NULL),
(191, 8, '2026-04-26 08:00:00', '2026-04-26 17:00:00', NULL),
(192, 7, '2026-04-26 08:00:00', '2026-04-26 17:00:00', NULL),
(193, 6, '2026-04-26 08:00:00', '2026-04-26 17:00:00', NULL),
(194, 5, '2026-04-26 08:00:00', '2026-04-26 17:00:00', NULL),
(195, 10, '2026-04-29 08:00:00', '2026-04-29 17:00:00', NULL),
(196, 9, '2026-04-29 08:00:00', '2026-04-29 17:00:00', NULL),
(197, 8, '2026-04-29 08:00:00', '2026-04-29 17:00:00', NULL),
(198, 7, '2026-04-29 08:00:00', '2026-04-29 17:00:00', NULL),
(199, 6, '2026-04-29 08:00:00', '2026-04-29 17:00:00', NULL),
(200, 5, '2026-04-29 08:00:00', '2026-04-29 17:00:00', NULL),
(201, 10, '2026-04-30 08:00:00', '2026-04-30 17:00:00', NULL),
(202, 9, '2026-04-30 08:00:00', '2026-04-30 17:00:00', NULL),
(203, 8, '2026-04-30 08:00:00', '2026-04-30 17:00:00', NULL),
(204, 7, '2026-04-30 08:00:00', '2026-04-30 17:00:00', NULL),
(205, 6, '2026-04-30 08:00:00', '2026-04-30 17:00:00', NULL),
(206, 5, '2026-04-30 08:00:00', '2026-04-30 17:00:00', NULL),
(207, 11, '2026-06-17 08:00:00', '2026-06-18 08:00:00', ''),
(208, 12, '2026-06-17 21:00:00', '2026-06-18 09:00:00', ''),
(209, 8, '2026-06-22 01:00:00', '2026-06-22 05:00:00', ''),
(210, 3, '2026-06-22 01:00:00', '2026-06-22 05:00:00', ''),
(211, 3, '2026-06-22 01:00:00', '2026-06-22 08:00:00', ''),
(212, 4, '2026-06-22 01:00:00', '2026-06-22 10:00:00', '');

-- --------------------------------------------------------

--
-- Структура таблицы `users`
--

CREATE TABLE `users` (
  `id` int NOT NULL,
  `username` varchar(50) COLLATE utf8mb4_unicode_ci NOT NULL,
  `password_hash` varchar(128) COLLATE utf8mb4_unicode_ci NOT NULL,
  `salt` varchar(64) COLLATE utf8mb4_unicode_ci NOT NULL,
  `full_name` varchar(100) COLLATE utf8mb4_unicode_ci NOT NULL,
  `email` varchar(100) COLLATE utf8mb4_unicode_ci NOT NULL,
  `role` enum('user','admin') COLLATE utf8mb4_unicode_ci NOT NULL DEFAULT 'user',
  `is_approved` tinyint(1) NOT NULL DEFAULT '0',
  `created_at` datetime NOT NULL DEFAULT CURRENT_TIMESTAMP
) ENGINE=InnoDB DEFAULT CHARSET=utf8mb4 COLLATE=utf8mb4_unicode_ci;

--
-- Дамп данных таблицы `users`
--

INSERT INTO `users` (`id`, `username`, `password_hash`, `salt`, `full_name`, `email`, `role`, `is_approved`, `created_at`) VALUES
(1, 'admin', '/iCIC34VtvAd4VQUkLPE70nx/iIpOd7yib+UMzq924o=', '2Pq6hd+vM/vTNokeFNCINQNLND3W/ICL0YKDlsOH7y0=', 'Администратор', 'admin@loza.ru', 'admin', 1, '2026-05-03 00:42:31'),
(7, 'Test1', '6Ht+GLA4UUVMMY1yhxhzfiNSgSAaNEqZ7sz1mVJ2d1s=', 'aPZ3KkSEfk4nRgzEj33b6dLkxK/M2eboRlNRgFy5DRU=', 'Testitg', 'Test1@mail.ru', 'user', 0, '2026-06-22 01:27:55'),
(8, 'Test2', 'fBLSJq1/uktBajTZJMeU5YUTP38BJQLeRBGFS2aXFKs=', 'eI72B/kQFeYzkSAjAygruJ3JLGVSk7SaiYgO83pwMqo=', 'Testing2', 'Test2@mail.ru', 'user', 1, '2026-06-22 01:28:26');

--
-- Индексы сохранённых таблиц
--

--
-- Индексы таблицы `employees`
--
ALTER TABLE `employees`
  ADD PRIMARY KEY (`id`),
  ADD KEY `user_id` (`user_id`);

--
-- Индексы таблицы `time_log`
--
ALTER TABLE `time_log`
  ADD PRIMARY KEY (`id`),
  ADD KEY `employee_id` (`employee_id`);

--
-- Индексы таблицы `users`
--
ALTER TABLE `users`
  ADD PRIMARY KEY (`id`),
  ADD UNIQUE KEY `username` (`username`);

--
-- AUTO_INCREMENT для сохранённых таблиц
--

--
-- AUTO_INCREMENT для таблицы `employees`
--
ALTER TABLE `employees`
  MODIFY `id` int NOT NULL AUTO_INCREMENT, AUTO_INCREMENT=13;

--
-- AUTO_INCREMENT для таблицы `time_log`
--
ALTER TABLE `time_log`
  MODIFY `id` int NOT NULL AUTO_INCREMENT, AUTO_INCREMENT=213;

--
-- AUTO_INCREMENT для таблицы `users`
--
ALTER TABLE `users`
  MODIFY `id` int NOT NULL AUTO_INCREMENT, AUTO_INCREMENT=9;

--
-- Ограничения внешнего ключа сохраненных таблиц
--

--
-- Ограничения внешнего ключа таблицы `employees`
--
ALTER TABLE `employees`
  ADD CONSTRAINT `employees_ibfk_1` FOREIGN KEY (`user_id`) REFERENCES `users` (`id`) ON DELETE SET NULL;

--
-- Ограничения внешнего ключа таблицы `time_log`
--
ALTER TABLE `time_log`
  ADD CONSTRAINT `time_log_ibfk_1` FOREIGN KEY (`employee_id`) REFERENCES `employees` (`id`) ON DELETE CASCADE;
COMMIT;

/*!40101 SET CHARACTER_SET_CLIENT=@OLD_CHARACTER_SET_CLIENT */;
/*!40101 SET CHARACTER_SET_RESULTS=@OLD_CHARACTER_SET_RESULTS */;
/*!40101 SET COLLATION_CONNECTION=@OLD_COLLATION_CONNECTION */;
